Workbook

Sheet SGW
A1: APD-1 (Rev. 12/05)
E3: New York State
D4: Department of Agriculture and Markets | J4: SECTION A: Worksheet
C5: Division of Agricultural Protection and Development Services | J5: Information
E6: 10B Airline Drive | J6: Page 1 | K6: of 1
E7: Albany, NY 12235 | J7: X New Worksheet
J8: Revised Worksheet
D9: SOIL GROUP WORKSHEET
A11: SECTION B. LANDOWNER NAME AND PROPERTY IDENTIFICATION
A12: Landowner | B12: Last | F12: First | K12: Middle Initial
A13: Name
A14: Mailing | B14: Street/Road No. and Name | F14: City, Town, Village | J14: State | K14: Zip Code
A15: Address
A16: Property Location | D16: Street/Road No. and Name
A18: County | D18: Town/City | J18: Village
A19: Otsego
A20: Filing Status: | B20: __ | C20: Agricultural District | D20: __Individual Commitment | G20: SECTION D: PARCEL ACREAGE SUMMARY* | K20: ACRES
A22: SECTION C: TAX MAP & ASSESSMENT ROLL INFORMATION | G22: (1) Agricultural Land | K22: =K59 -> 0
A24: SWIS Code (six digits) | G24: (2) Farm Woodland (</= 50 Acres) | K24: =IF(L24>50,50,L24) -> 0
D25: section | E25: block | F25: lot
A26: Tax Map Identifier | G26: (3) Excess Farm Woodland | K26: =IF(L24>50,L24-50,0) -> 0
A28: Roll Identifier (if different) | G28: (4) Non-Agricultural Land
N29: Overflow Soils
A30: Total Parcel Acres | D30: =K30 -> 0 | G30: TOTAL ACREAGE | K30: =SUM(K22:K28) -> 0
A31: SECTION E: SOIL MAP BREAKDOWN OF AGRICULTURAL LAND | I31: SECTION F: | N31: SOIL MAP | R31: SOIL | U31: NUMBER
A32: SOIL MAP | E32: SOIL | H32: NUMBER | I32: AGRICULTURAL LAND | N32: SYMBOL | O32: SOIL MAP UNIT NAME | R32: GROUP | S32: MUKEY | U32: ACRES
A33: SYMBOL | B33: SOIL MAP UNIT NAME | E33: GROUP | F33: MUKEY | H33: ACRES | I33: SOIL GROUP SUMMARY | O33: =IFERROR(IFERROR(VLOOKUP(S33,soils2!$A$2:$D$8514,3,FALSE),VLOOKUP(N33,soils2!$B$2:$D$8514,2,FALSE)),"") | R33: =IFERROR(VLOOKUP(N33,soils2!$B$2:$D$8514,3),"")
B34: =IFERROR(IFERROR(VLOOKUP(F34,soils2!$A$2:$D$8514,3,FALSE),VLOOKUP(A34,soils2!$B$2:$D$8514,2,FALSE)),"") | E34: =IFERROR(IFERROR(VLOOKUP(F34,soils2!$A$2:$D$8514,4,FALSE),VLOOKUP(A34,soils2!$B$2:$D$8514,3,FALSE)),"") | I34: Mineral | O34: =IFERROR(IFERROR(VLOOKUP(S34,soils2!$A$2:$D$8514,3,FALSE),VLOOKUP(N34,soils2!$B$2:$D$8514,2,FALSE)),"") | R34: =IFERROR(VLOOKUP(N34,soils2!$B$2:$D$8514,3),"")
B35: =IFERROR(IFERROR(VLOOKUP(F35,soils2!$A$2:$D$8514,3,FALSE),VLOOKUP(A35,soils2!$B$2:$D$8514,2,FALSE)),"") | E35: =IFERROR(IFERROR(VLOOKUP(F35,soils2!$A$2:$D$8514,4,FALSE),VLOOKUP(A35,soils2!$B$2:$D$8514,3,FALSE)),"") | I35: Soil Group | K35: Acres | O35: =IFERROR(IFERROR(VLOOKUP(S35,soils2!$A$2:$D$8514,3,FALSE),VLOOKUP(N35,soils2!$B$2:$D$8514,2,FALSE)),"") | R35: =IFERROR(VLOOKUP(N35,soils2!$B$2:$D$8514,3),"")
B36: =IFERROR(IFERROR(VLOOKUP(F36,soils2!$A$2:$D$8514,3,FALSE),VLOOKUP(A36,soils2!$B$2:$D$8514,2,FALSE)),"") | E36: =IFERROR(IFERROR(VLOOKUP(F36,soils2!$A$2:$D$8514,4,FALSE),VLOOKUP(A36,soils2!$B$2:$D$8514,3,FALSE)),"") | I36: 1 | J36: a | K36: =SUMIF($E$34:$E$57,"1a",$H$34:$H$57)+SUMIF($R$33:$R$600,"1a",$U$33:$U$600) -> 0 | O36: =IFERROR(IFERROR(VLOOKUP(S36,soils2!$A$2:$D$8514,3,FALSE),VLOOKUP(N36,soils2!$B$2:$D$8514,2,FALSE)),"") | R36: =IFERROR(VLOOKUP(N36,soils2!$B$2:$D$8514,3),"")
B37: =IFERROR(IFERROR(VLOOKUP(F37,soils2!$A$2:$D$8514,3,FALSE),VLOOKUP(A37,soils2!$B$2:$D$8514,2,FALSE)),"") | E37: =IFERROR(IFERROR(VLOOKUP(F37,soils2!$A$2:$D$8514,4,FALSE),VLOOKUP(A37,soils2!$B$2:$D$8514,3,FALSE)),"") | J37: b | K37: =SUMIF($E$34:$E$57,"1b",$H$34:$H$57)+SUMIF($R$33:$R$600,"1b",$U$33:$U$600) -> 0 | O37: =IFERROR(IFERROR(VLOOKUP(S37,soils2!$A$2:$D$8514,3,FALSE),VLOOKUP(N37,soils2!$B$2:$D$8514,2,FALSE)),"") | R37: =IFERROR(VLOOKUP(N37,soils2!$B$2:$D$8514,3),"")
B38: =IFERROR(IFERROR(VLOOKUP(F38,soils2!$A$2:$D$8514,3,FALSE),VLOOKUP(A38,soils2!$B$2:$D$8514,2,FALSE)),"") | E38: =IFERROR(IFERROR(VLOOKUP(F38,soils2!$A$2:$D$8514,4,FALSE),VLOOKUP(A38,soils2!$B$2:$D$8514,3,FALSE)),"") | I38: 2 | J38: a | K38: =SUMIF($E$34:$E$57,"2a",$H$34:$H$57)+SUMIF($R$33:$R$600,"2a",$U$33:$U$600) -> 0 | O38: =IFERROR(IFERROR(VLOOKUP(S38,soils2!$A$2:$D$8514,3,FALSE),VLOOKUP(N38,soils2!$B$2:$D$8514,2,FALSE)),"") | R38: =IFERROR(VLOOKUP(N38,soils2!$B$2:$D$8514,3),"")
B39: =IFERROR(IFERROR(VLOOKUP(F39,soils2!$A$2:$D$8514,3,FALSE),VLOOKUP(A39,soils2!$B$2:$D$8514,2,FALSE)),"") | E39: =IFERROR(IFERROR(VLOOKUP(F39,soils2!$A$2:$D$8514,4,FALSE),VLOOKUP(A39,soils2!$B$2:$D$8514,3,FALSE)),"") | J39: b | K39: =SUMIF($E$34:$E$57,"2b",$H$34:$H$57)+SUMIF($R$33:$R$600,"2b",$U$33:$U$600) -> 0 | O39: =IFERROR(IFERROR(VLOOKUP(S39,soils2!$A$2:$D$8514,3,FALSE),VLOOKUP(N39,soils2!$B$2:$D$8514,2,FALSE)),"") | R39: =IFERROR(VLOOKUP(N39,soils2!$B$2:$D$8514,3),"")
B40: =IFERROR(IFERROR(VLOOKUP(F40,soils2!$A$2:$D$8514,3,FALSE),VLOOKUP(A40,soils2!$B$2:$D$8514,2,FALSE)),"") | E40: =IFERROR(IFERROR(VLOOKUP(F40,soils2!$A$2:$D$8514,4,FALSE),VLOOKUP(A40,soils2!$B$2:$D$8514,3,FALSE)),"") | I40: 3 | J40: a | K40: =SUMIF($E$34:$E$57,"3a",$H$34:$H$57)+SUMIF($R$33:$R$600,"3a",$U$33:$U$600) -> 0 | O40: =IFERROR(IFERROR(VLOOKUP(S40,soils2!$A$2:$D$8514,3,FALSE),VLOOKUP(N40,soils2!$B$2:$D$8514,2,FALSE)),"") | R40: =IFERROR(VLOOKUP(N40,soils2!$B$2:$D$8514,3),"")
B41: =IFERROR(IFERROR(VLOOKUP(F41,soils2!$A$2:$D$8514,3,FALSE),VLOOKUP(A41,soils2!$B$2:$D$8514,2,FALSE)),"") | E41: =IFERROR(IFERROR(VLOOKUP(F41,soils2!$A$2:$D$8514,4,FALSE),VLOOKUP(A41,soils2!$B$2:$D$8514,3,FALSE)),"") | J41: b | K41: =SUMIF($E$34:$E$57,"3b",$H$34:$H$57)+SUMIF($R$33:$R$600,"3b",$U$33:$U$600) -> 0 | O41: =IFERROR(IFERROR(VLOOKUP(S41,soils2!$A$2:$D$8514,3,FALSE),VLOOKUP(N41,soils2!$B$2:$D$8514,2,FALSE)),"") | R41: =IFERROR(VLOOKUP(N41,soils2!$B$2:$D$8514,3),"")
B42: =IFERROR(IFERROR(VLOOKUP(F42,soils2!$A$2:$D$8514,3,FALSE),VLOOKUP(A42,soils2!$B$2:$D$8514,2,FALSE)),"") | E42: =IFERROR(IFERROR(VLOOKUP(F42,soils2!$A$2:$D$8514,4,FALSE),VLOOKUP(A42,soils2!$B$2:$D$8514,3,FALSE)),"") | I42: 4 | J42: a | K42: =SUMIF($E$34:$E$57,"4a",$H$34:$H$57)+SUMIF($R$33:$R$600,"4a",$U$33:$U$600) -> 0 | O42: =IFERROR(IFERROR(VLOOKUP(S42,soils2!$A$2:$D$8514,3,FALSE),VLOOKUP(N42,soils2!$B$2:$D$8514,2,FALSE)),"") | R42: =IFERROR(VLOOKUP(N42,soils2!$B$2:$D$8514,3),"")
B43: =IFERROR(IFERROR(VLOOKUP(F43,soils2!$A$2:$D$8514,3,FALSE),VLOOKUP(A43,soils2!$B$2:$D$8514,2,FALSE)),"") | E43: =IFERROR(IFERROR(VLOOKUP(F43,soils2!$A$2:$D$8514,4,FALSE),VLOOKUP(A43,soils2!$B$2:$D$8514,3,FALSE)),"") | J43: b | K43: =SUMIF($E$34:$E$57,"4b",$H$34:$H$57)+SUMIF($R$33:$R$600,"4b",$U$33:$U$600) -> 0 | O43: =IFERROR(IFERROR(VLOOKUP(S43,soils2!$A$2:$D$8514,3,FALSE),VLOOKUP(N43,soils2!$B$2:$D$8514,2,FALSE)),"") | R43: =IFERROR(VLOOKUP(N43,soils2!$B$2:$D$8514,3),"")
B44: =IFERROR(IFERROR(VLOOKUP(F44,soils2!$A$2:$D$8514,3,FALSE),VLOOKUP(A44,soils2!$B$2:$D$8514,2,FALSE)),"") | E44: =IFERROR(IFERROR(VLOOKUP(F44,soils2!$A$2:$D$8514,4,FALSE),VLOOKUP(A44,soils2!$B$2:$D$8514,3,FALSE)),"") | I44: 5 | J44: a | K44: =SUMIF($E$34:$E$57,"5a",$H$34:$H$57)+SUMIF($R$33:$R$600,"5a",$U$33:$U$600) -> 0 | O44: =IFERROR(IFERROR(VLOOKUP(S44,soils2!$A$2:$D$8514,3,FALSE),VLOOKUP(N44,soils2!$B$2:$D$8514,2,FALSE)),"") | R44: =IFERROR(VLOOKUP(N44,soils2!$B$2:$D$8514,3),"")
B45: =IFERROR(IFERROR(VLOOKUP(F45,soils2!$A$2:$D$8514,3,FALSE),VLOOKUP(A45,soils2!$B$2:$D$8514,2,FALSE)),"") | E45: =IFERROR(IFERROR(VLOOKUP(F45,soils2!$A$2:$D$8514,4,FALSE),VLOOKUP(A45,soils2!$B$2:$D$8514,3,FALSE)),"") | J45: b | K45: =SUMIF($E$34:$E$57,"5b",$H$34:$H$57)+SUMIF($R$33:$R$600,"5b",$U$33:$U$600) -> 0 | O45: =IFERROR(IFERROR(VLOOKUP(S45,soils2!$A$2:$D$8514,3,FALSE),VLOOKUP(N45,soils2!$B$2:$D$8514,2,FALSE)),"") | R45: =IFERROR(VLOOKUP(N45,soils2!$B$2:$D$8514,3),"")
B46: =IFERROR(IFERROR(VLOOKUP(F46,soils2!$A$2:$D$8514,3,FALSE),VLOOKUP(A46,soils2!$B$2:$D$8514,2,FALSE)),"") | E46: =IFERROR(IFERROR(VLOOKUP(F46,soils2!$A$2:$D$8514,4,FALSE),VLOOKUP(A46,soils2!$B$2:$D$8514,3,FALSE)),"") | I46: 6 | J46: a | K46: =SUMIF($E$34:$E$57,"6a",$H$34:$H$57)+SUMIF($R$33:$R$600,"6a",$U$33:$U$600) -> 0 | O46: =IFERROR(IFERROR(VLOOKUP(S46,soils2!$A$2:$D$8514,3,FALSE),VLOOKUP(N46,soils2!$B$2:$D$8514,2,FALSE)),"") | R46: =IFERROR(VLOOKUP(N46,soils2!$B$2:$D$8514,3),"")
B47: =IFERROR(IFERROR(VLOOKUP(F47,soils2!$A$2:$D$8514,3,FALSE),VLOOKUP(A47,soils2!$B$2:$D$8514,2,FALSE)),"") | E47: =IFERROR(IFERROR(VLOOKUP(F47,soils2!$A$2:$D$8514,4,FALSE),VLOOKUP(A47,soils2!$B$2:$D$8514,3,FALSE)),"") | J47: b | K47: =SUMIF($E$34:$E$57,"6b",$H$34:$H$57)+SUMIF($R$33:$R$600,"6b",$U$33:$U$600) -> 0 | O47: =IFERROR(IFERROR(VLOOKUP(S47,soils2!$A$2:$D$8514,3,FALSE),VLOOKUP(N47,soils2!$B$2:$D$8514,2,FALSE)),"") | R47: =IFERROR(VLOOKUP(N47,soils2!$B$2:$D$8514,3),"")
B48: =IFERROR(IFERROR(VLOOKUP(F48,soils2!$A$2:$D$8514,3,FALSE),VLOOKUP(A48,soils2!$B$2:$D$8514,2,FALSE)),"") | E48: =IFERROR(IFERROR(VLOOKUP(F48,soils2!$A$2:$D$8514,4,FALSE),VLOOKUP(A48,soils2!$B$2:$D$8514,3,FALSE)),"") | I48: 7 | K48: =SUMIF($E$34:$E$57,"7",$H$34:$H$57)+SUMIF($R$33:$R$600,"7",$U$33:$U$600) -> 0 | O48: =IFERROR(IFERROR(VLOOKUP(S48,soils2!$A$2:$D$8514,3,FALSE),VLOOKUP(N48,soils2!$B$2:$D$8514,2,FALSE)),"") | R48: =IFERROR(VLOOKUP(N48,soils2!$B$2:$D$8514,3),"")
B49: =IFERROR(IFERROR(VLOOKUP(F49,soils2!$A$2:$D$8514,3,FALSE),VLOOKUP(A49,soils2!$B$2:$D$8514,2,FALSE)),"") | E49: =IFERROR(IFERROR(VLOOKUP(F49,soils2!$A$2:$D$8514,4,FALSE),VLOOKUP(A49,soils2!$B$2:$D$8514,3,FALSE)),"") | I49: 8 | K49: =SUMIF($E$34:$E$57,"8",$H$34:$H$57)+SUMIF($R$33:$R$600,"8",$U$33:$U$600) -> 0 | O49: =IFERROR(IFERROR(VLOOKUP(S49,soils2!$A$2:$D$8514,3,FALSE),VLOOKUP(N49,soils2!$B$2:$D$8514,2,FALSE)),"") | R49: =IFERROR(VLOOKUP(N49,soils2!$B$2:$D$8514,3),"")
B50: =IFERROR(IFERROR(VLOOKUP(F50,soils2!$A$2:$D$8514,3,FALSE),VLOOKUP(A50,soils2!$B$2:$D$8514,2,FALSE)),"") | E50: =IFERROR(IFERROR(VLOOKUP(F50,soils2!$A$2:$D$8514,4,FALSE),VLOOKUP(A50,soils2!$B$2:$D$8514,3,FALSE)),"") | I50: 9 | K50: =SUMIF($E$34:$E$57,"9",$H$34:$H$57)+SUMIF($R$33:$R$600,"9",$U$33:$U$600) -> 0 | O50: =IFERROR(IFERROR(VLOOKUP(S50,soils2!$A$2:$D$8514,3,FALSE),VLOOKUP(N50,soils2!$B$2:$D$8514,2,FALSE)),"") | R50: =IFERROR(VLOOKUP(N50,soils2!$B$2:$D$8514,3),"")
B51: =IFERROR(IFERROR(VLOOKUP(F51,soils2!$A$2:$D$8514,3,FALSE),VLOOKUP(A51,soils2!$B$2:$D$8514,2,FALSE)),"") | E51: =IFERROR(IFERROR(VLOOKUP(F51,soils2!$A$2:$D$8514,4,FALSE),VLOOKUP(A51,soils2!$B$2:$D$8514,3,FALSE)),"") | I51: 10 | K51: =SUMIF($E$34:$E$57,"10",$H$34:$H$57)+SUMIF($R$33:$R$600,"10",$U$33:$U$600) -> 0 | O51: =IFERROR(IFERROR(VLOOKUP(S51,soils2!$A$2:$D$8514,3,FALSE),VLOOKUP(N51,soils2!$B$2:$D$8514,2,FALSE)),"") | R51: =IFERROR(VLOOKUP(N51,soils2!$B$2:$D$8514,3),"")
B52: =IFERROR(IFERROR(VLOOKUP(F52,soils2!$A$2:$D$8514,3,FALSE),VLOOKUP(A52,soils2!$B$2:$D$8514,2,FALSE)),"") | E52: =IFERROR(IFERROR(VLOOKUP(F52,soils2!$A$2:$D$8514,4,FALSE),VLOOKUP(A52,soils2!$B$2:$D$8514,3,FALSE)),"") | I52: Organic (muck) | O52: =IFERROR(IFERROR(VLOOKUP(S52,soils2!$A$2:$D$8514,3,FALSE),VLOOKUP(N52,soils2!$B$2:$D$8514,2,FALSE)),"") | R52: =IFERROR(VLOOKUP(N52,soils2!$B$2:$D$8514,3),"")
B53: =IFERROR(IFERROR(VLOOKUP(F53,soils2!$A$2:$D$8514,3,FALSE),VLOOKUP(A53,soils2!$B$2:$D$8514,2,FALSE)),"") | E53: =IFERROR(IFERROR(VLOOKUP(F53,soils2!$A$2:$D$8514,4,FALSE),VLOOKUP(A53,soils2!$B$2:$D$8514,3,FALSE)),"") | I53: Soil Group | K53: Acres | O53: =IFERROR(IFERROR(VLOOKUP(S53,soils2!$A$2:$D$8514,3,FALSE),VLOOKUP(N53,soils2!$B$2:$D$8514,2,FALSE)),"") | R53: =IFERROR(VLOOKUP(N53,soils2!$B$2:$D$8514,3),"")
B54: =IFERROR(IFERROR(VLOOKUP(F54,soils2!$A$2:$D$8514,3,FALSE),VLOOKUP(A54,soils2!$B$2:$D$8514,2,FALSE)),"") | E54: =IFERROR(IFERROR(VLOOKUP(F54,soils2!$A$2:$D$8514,4,FALSE),VLOOKUP(A54,soils2!$B$2:$D$8514,3,FALSE)),"") | I54: A | K54: =SUMIF($E$34:$E$57,"A",$H$34:$H$57)+SUMIF($R$33:$R$600,"A",$U$33:$U$600) -> 0 | O54: =IFERROR(IFERROR(VLOOKUP(S54,soils2!$A$2:$D$8514,3,FALSE),VLOOKUP(N54,soils2!$B$2:$D$8514,2,FALSE)),"") | R54: =IFERROR(VLOOKUP(N54,soils2!$B$2:$D$8514,3),"")
B55: =IFERROR(IFERROR(VLOOKUP(F55,soils2!$A$2:$D$8514,3,FALSE),VLOOKUP(A55,soils2!$B$2:$D$8514,2,FALSE)),"") | E55: =IFERROR(IFERROR(VLOOKUP(F55,soils2!$A$2:$D$8514,4,FALSE),VLOOKUP(A55,soils2!$B$2:$D$8514,3,FALSE)),"") | I55: B | K55: =SUMIF($E$34:$E$57,"B",$H$34:$H$57)+SUMIF($R$33:$R$600,"B",$U$33:$U$600) -> 0 | O55: =IFERROR(IFERROR(VLOOKUP(S55,soils2!$A$2:$D$8514,3,FALSE),VLOOKUP(N55,soils2!$B$2:$D$8514,2,FALSE)),"") | R55: =IFERROR(VLOOKUP(N55,soils2!$B$2:$D$8514,3),"")
B56: =IFERROR(IFERROR(VLOOKUP(F56,soils2!$A$2:$D$8514,3,FALSE),VLOOKUP(A56,soils2!$B$2:$D$8514,2,FALSE)),"") | E56: =IFERROR(IFERROR(VLOOKUP(F56,soils2!$A$2:$D$8514,4,FALSE),VLOOKUP(A56,soils2!$B$2:$D$8514,3,FALSE)),"") | I56: C | K56: =SUMIF($E$34:$E$57,"C",$H$34:$H$57)+SUMIF($R$33:$R$600,"C",$U$33:$U$600) -> 0 | O56: =IFERROR(IFERROR(VLOOKUP(S56,soils2!$A$2:$D$8514,3,FALSE),VLOOKUP(N56,soils2!$B$2:$D$8514,2,FALSE)),"") | R56: =IFERROR(VLOOKUP(N56,soils2!$B$2:$D$8514,3),"")
B57: =IFERROR(IFERROR(VLOOKUP(F57,soils2!$A$2:$D$8514,3,FALSE),VLOOKUP(A57,soils2!$B$2:$D$8514,2,FALSE)),"") | E57: =IFERROR(IFERROR(VLOOKUP(F57,soils2!$A$2:$D$8514,4,FALSE),VLOOKUP(A57,soils2!$B$2:$D$8514,3,FALSE)),"") | I57: D | K57: =SUMIF($E$34:$E$57,"D",$H$34:$H$57)+SUMIF($R$33:$R$600,"D",$U$33:$U$600) -> 0 | O57: =IFERROR(IFERROR(VLOOKUP(S57,soils2!$A$2:$D$8514,3,FALSE),VLOOKUP(N57,soils2!$B$2:$D$8514,2,FALSE)),"") | R57: =IFERROR(VLOOKUP(N57,soils2!$B$2:$D$8514,3),"")
A58: * SEE EXPLANATION OF TERMS ON BACK | I58: SOIL GROUP | O58: =IFERROR(IFERROR(VLOOKUP(S58,soils2!$A$2:$D$8514,3,FALSE),VLOOKUP(N58,soils2!$B$2:$D$8514,2,FALSE)),"") | R58: =IFERROR(VLOOKUP(N58,soils2!$B$2:$D$8514,3),"")
A59: SECTION G: DATE AND SIGNATURES | I59: TOTAL ACRES | K59: =SUM(K36:K51,K54:K57) -> 0 | O59: =IFERROR(IFERROR(VLOOKUP(S59,soils2!$A$2:$D$8514,3,FALSE),VLOOKUP(N59,soils2!$B$2:$D$8514,2,FALSE)),"") | R59: =IFERROR(VLOOKUP(N59,soils2!$B$2:$D$8514,3),"")
A60: Jointly Reviewed and Concurred: | H60: Date: | I60: =TODAY() -> 45995 | O60: =IFERROR(IFERROR(VLOOKUP(S60,soils2!$A$2:$D$8514,3,FALSE),VLOOKUP(N60,soils2!$B$2:$D$8514,2,FALSE)),"") | R60: =IFERROR(VLOOKUP(N60,soils2!$B$2:$D$8514,3),"")
H61: Time: | I61: =NOW() -> 45995.523 | O61: =IFERROR(IFERROR(VLOOKUP(S61,soils2!$A$2:$D$8514,3,FALSE),VLOOKUP(N61,soils2!$B$2:$D$8514,2,FALSE)),"") | R61: =IFERROR(VLOOKUP(N61,soils2!$B$2:$D$8514,3),"")
A62: Landowner | F62: Completed by | O62: =IFERROR(IFERROR(VLOOKUP(S62,soils2!$A$2:$D$8514,3,FALSE),VLOOKUP(N62,soils2!$B$2:$D$8514,2,FALSE)),"") | R62: =IFERROR(VLOOKUP(N62,soils2!$B$2:$D$8514,3),"")
A63: Signature: | F63: Signature: | O63: =IFERROR(IFERROR(VLOOKUP(S63,soils2!$A$2:$D$8514,3,FALSE),VLOOKUP(N63,soils2!$B$2:$D$8514,2,FALSE)),"") | R63: =IFERROR(VLOOKUP(N63,soils2!$B$2:$D$8514,3),"")
O64: =IFERROR(IFERROR(VLOOKUP(S64,soils2!$A$2:$D$8514,3,FALSE),VLOOKUP(N64,soils2!$B$2:$D$8514,2,FALSE)),"") | R64: =IFERROR(VLOOKUP(N64,soils2!$B$2:$D$8514,3),"")
O65: =IFERROR(IFERROR(VLOOKUP(S65,soils2!$A$2:$D$8514,3,FALSE),VLOOKUP(N65,soils2!$B$2:$D$8514,2,FALSE)),"") | R65: =IFERROR(VLOOKUP(N65,soils2!$B$2:$D$8514,3),"")
O66: =IFERROR(IFERROR(VLOOKUP(S66,soils2!$A$2:$D$8514,3,FALSE),VLOOKUP(N66,soils2!$B$2:$D$8514,2,FALSE)),"") | R66: =IFERROR(VLOOKUP(N66,soils2!$B$2:$D$8514,3),"")
O67: =IFERROR(IFERROR(VLOOKUP(S67,soils2!$A$2:$D$8514,3,FALSE),VLOOKUP(N67,soils2!$B$2:$D$8514,2,FALSE)),"") | R67: =IFERROR(VLOOKUP(N67,soils2!$B$2:$D$8514,3),"")
O68: =IFERROR(IFERROR(VLOOKUP(S68,soils2!$A$2:$D$8514,3,FALSE),VLOOKUP(N68,soils2!$B$2:$D$8514,2,FALSE)),"") | R68: =IFERROR(VLOOKUP(N68,soils2!$B$2:$D$8514,3),"")
O69: =IFERROR(IFERROR(VLOOKUP(S69,soils2!$A$2:$D$8514,3,FALSE),VLOOKUP(N69,soils2!$B$2:$D$8514,2,FALSE)),"") | R69: =IFERROR(VLOOKUP(N69,soils2!$B$2:$D$8514,3),"")
O70: =IFERROR(IFERROR(VLOOKUP(S70,soils2!$A$2:$D$8514,3,FALSE),VLOOKUP(N70,soils2!$B$2:$D$8514,2,FALSE)),"") | R70: =IFERROR(VLOOKUP(N70,soils2!$B$2:$D$8514,3),"")
O71: =IFERROR(IFERROR(VLOOKUP(S71,soils2!$A$2:$D$8514,3,FALSE),VLOOKUP(N71,soils2!$B$2:$D$8514,2,FALSE)),"") | R71: =IFERROR(VLOOKUP(N71,soils2!$B$2:$D$8514,3),"")
O72: =IFERROR(IFERROR(VLOOKUP(S72,soils2!$A$2:$D$8514,3,FALSE),VLOOKUP(N72,soils2!$B$2:$D$8514,2,FALSE)),"") | R72: =IFERROR(VLOOKUP(N72,soils2!$B$2:$D$8514,3),"")
O73: =IFERROR(IFERROR(VLOOKUP(S73,soils2!$A$2:$D$8514,3,FALSE),VLOOKUP(N73,soils2!$B$2:$D$8514,2,FALSE)),"") | R73: =IFERROR(VLOOKUP(N73,soils2!$B$2:$D$8514,3),"")
O74: =IFERROR(IFERROR(VLOOKUP(S74,soils2!$A$2:$D$8514,3,FALSE),VLOOKUP(N74,soils2!$B$2:$D$8514,2,FALSE)),"") | R74: =IFERROR(VLOOKUP(N74,soils2!$B$2:$D$8514,3),"")
O75: =IFERROR(IFERROR(VLOOKUP(S75,soils2!$A$2:$D$8514,3,FALSE),VLOOKUP(N75,soils2!$B$2:$D$8514,2,FALSE)),"") | R75: =IFERROR(VLOOKUP(N75,soils2!$B$2:$D$8514,3),"")
... O600: =IFERROR(IFERROR(VLOOKUP(S600,soils2!$A$2:$D$8514,3,FALSE),VLOOKUP(N600,soils2!$B$2:$D$8514,2,FALSE)),"") | R600: =IFERROR(VLOOKUP(N600,soils2!$B$2:$D$8514,3),"")

Sheet soils2
A1: MUKEY | B1: Code | C1: MSG | D1: Name
A2: 293126 | B2: UvC | C2: URBAN LAND-RIVERHEAD | D2: 9
A3: 293127 | B3: UwB | C3: URBAN LAND-WOODBRIDGE | D3: 9
A4: 289512 | B4: 1 | C4: UDIFLUVENTS-FLUVAQUENT | D4: 9
A5: 289617 | B5: 496E | C5: GILPIN | D5: 8
A6: 289618 | B6: 496F | C6: GILPIN | D6: 9
A7: 289369 | B7: BeC | C7: BENSON | D7: 7
A8: 289370 | B8: BkD | C8: BENSON | D8: 8
A9: 290659 | B9: GlB | C9: GALWAY-FARMINGTON-URBA | D9: 9
A10: 290660 | B10: GlC | C10: GALWAY-FARMINGTON-URBA | D10: 9
A11: 288688 | B11: Ae | C11: ALLIS | D11: 7
A12: 288689 | B12: AnA | C12: ANGOLA | D12: 6B
A13: 288690 | B13: AnB | C13: ANGOLA | D13: 6B
A14: 288691 | B14: AnC | C14: ANGOLA | D14: 7
A15: 288692 | B15: ArC | C15: ARNOT | D15: 8
A16: 288693 | B16: AsB | C16: ARNOT-ROCK OUTCROP | D16: 8
A17: 288694 | B17: AsF | C17: ARNOT-ROCK OUTCROP | D17: 9
A18: 288695 | B18: Br | C18: BIRDSALL | D18: 7
A19: 288696 | B19: BuA | C19: BURDETT | D19: 5B
A20: 288697 | B20: BuB | C20: BURDETT | D20: 5B
A21: 288698 | B21: BuC | C21: BURDETT | D21: 7
A22: 288699 | B22: BvB | C22: BURDETT | D22: 8
A23: 288700 | B23: BxA | C23: BUSTI | D23: 6B
A24: 288701 | B24: BxB | C24: BUSTI | D24: 6B
A25: 288702 | B25: Ca | C25: CARLISLE | D25: 6B
A26: 288703 | B26: CeA | C26: CASTILE | D26: 2B
A27: 288704 | B27: CeB | C27: CASTILE | D27: 2B
A28: 288705 | B28: CgB | C28: CHAUTAUQUA | D28: 3B
A29: 288706 | B29: CgC | C29: CHAUTAUQUA | D29: 5B
A30: 288707 | B30: ChA | C30: CHENANGO | D30: 2B
A31: 288708 | B31: ChB | C31: CHENANGO | D31: 2B
A32: 288709 | B32: ChC | C32: CHENANGO | D32: 5B
A33: 288710 | B33: ChD | C33: CHENANGO | D33: 6B
A34: 288711 | B34: CkB | C34: CHENANGO | D34: 2B
... A39: 288716 | B39: CoC | C39: COLONIE | D39: 6B
A40: 288717 | B40: CoD | C40: COLONIE | D40: 7
A41: 288718 | B41: CoE | C41: COLONIE | D41: 8
A42: 288719 | B42: Cs | C42: COSAD | D42: 4B
A43: 288720 | B43: Du | C43: DUMPS | D43: 9
A44: 288721 | B44: ElA | C44: ELMRIDGE | D44: 2B
A45: 288722 | B45: ElB | C45: ELMRIDGE | D45: 3B
A46: 288723 | B46: EnA | C46: ELNORA | D46: 4B
A47: 288724 | B47: EnB | C47: ELNORA | D47: 4B
A48: 288725 | B48: FaB | C48: FARMINGTON | D48: 6A
A49: 288726 | B49: FrB | C49: FARMINGTON-ROCK OUTCRO | D49: 7
A50: 288727 | B50: FrC | C50: FARMINGTON-ROCK OUTCRO | D50: 8
A51: 288728 | B51: FrF | C51: FARMINGTON-ROCK OUTCRO | D51: 9
A52: 288729 | B52: FwC | C52: FARMINGTON-WASSAIC-ROC | D52: 8
A53: 288730 | B53: Fx | C53: FLUVAQUENTS-UDIFLUVENT | D53: 9
A54: 288731 | B54: Gr | C54: GRANBY | D54: 8
A55: 288732 | B55: Ha | C55: HAMLIN | D55: 1B
A56: 288733 | B56: HnA | C56: HORNELL | D56: 6B
A57: 288734 | B57: HnB | C57: HORNELL | D57: 6B
A58: 288735 | B58: HnC | C58: HORNELL | D58: 7
A59: 288736 | B59: HoA | C59: HOWARD | D59: 2B
A60: 288737 | B60: HoB | C60: HOWARD | D60: 2B
A61: 288738 | B61: HoC | C61: HOWARD | D61: 5B
A62: 288739 | B62: HuB | C62: HUDSON | D62: 3B
A63: 288740 | B63: HuC | C63: HUDSON | D63: 6B
A64: 288741 | B64: HuD | C64: HUDSON | D64: 7
A65: 288742 | B65: HuE | C65: HUDSON | D65: 9
A66: 288743 | B66: In | C66: ILION | D66: 7
A67: 288744 | B67: KeB | C67: KEARSARGE | D67: 6B
A68: 288745 | B68: LaC | C68: LACKAWANNA | D68: 6B
A69: 288746 | B69: LaD | C69: LACKAWANNA | D69: 7
A70: 288747 | B70: LcE | C70: LACKAWANNA | D70: 8
A71: 288748 | B71: LoA | C71: LORDSTOWN | D71: 4B
A72: 288749 | B72: LoB | C72: LORDSTOWN | D72: 5B
A73: 288750 | B73: LoC | C73: LORDSTOWN | D73: 7
A74: 288751 | B74: LoD | C74: LORDSTOWN | D74: 8
A75: 288752 | B75: LrE | C75: LORDSTOWN-ARNOT | D75: 8
A76: 288753 | B76: Ma | C76: MADALIN | D76: 7
A77: 288754 | B77: MbB | C77: MANLIUS | D77: 4B
A78: 288755 | B78: MbC | C78: MANLIUS | D78: 6B
A79: 288756 | B79: MbD | C79: MANLIUS | D79: 7
A80: 288757 | B80: MbE | C80: MANLIUS | D80: 8
A81: 288758 | B81: Mh | C81: MEDIHEMISTS-HYDRAQUEN | D81: 10B
A82: 288759 | B82: Mk | C82: MIDDLEBURY | D82: 2B
A83: 288760 | B83: MoB | C83: MORRIS | D83: 7
A84: 288761 | B84: MoC | C84: MORRIS | D84: 8
A85: 288762 | B85: MrB | C85: MORRIS | D85: 8
A86: 288763 | B86: NaB | C86: NASSAU | D86: 7
A87: 288764 | B87: NaC | C87: NASSAU | D87: 7
A88: 288765 | B88: NrC | C88: NASSAU | D88: 8
A89: 288766 | B89: NrD | C89: NASSAU | D89: 8
A90: 288767 | B90: NuB | C90: NUNDA | D90: 3B
A91: 288768 | B91: NuC | C91: NUNDA | D91: 6B
A92: 288769 | B92: NuD | C92: NUNDA | D92: 7
A93: 288770 | B93: NuE | C93: NUNDA | D93: 8
A94: 288771 | B94: NvC | C94: NUNDA | D94: 8
A95: 288772 | B95: NvE | C95: NUNDA | D95: 8
A96: 288773 | B96: OqB | C96: OQUAGA | D96: 4B
A97: 288774 | B97: OqC | C97: OQUAGA | D97: 6B
A98: 288775 | B98: OqD | C98: OQUAGA | D98: 7
A99: 288776 | B99: Pa | C99: PALMS | D99: 6B
A100: 288777 | B100: Pm | C100: PITS | D100: 9
A101: 288778 | B101: Pn | C101: PITS | D101: 9
A102: 288779 | B102: Ra | C102: RAYNHAM | D102: 5B
A103: 288780 | B103: RhA | C103: RHINEBECK | D103: 5B
A104: 288781 | B104: RhB | C104: RHINEBECK | D104: 5B
...
